Open,High,Low,Close,Adj Close,Volume,Year,Month,Day
262.0,267.89999,250.02999,254.25999,254.25999,11896100,2018,2,5
247.69999,266.70001,245.0,265.72,265.72,12595800,2018,2,6
266.57998,272.45001,264.32998,264.55999,264.55999,8981500,2018,2,7
267.07998,267.61999,250.0,250.1,250.1,9306700,2018,2,8
253.85,255.8,236.11,249.47,249.47,16906900,2018,2,9
252.13999,259.14999,249.0,257.95001,257.95001,8534900,2018,2,12
257.29,261.41,254.69999,258.26998,258.26998,6855200,2018,2,13
260.47,269.88,260.32998,266.0,266.0,10972000,2018,2,14
270.02999,280.5,267.63,280.26998,280.26998,10759700,2018,2,15
278.73001,281.95999,275.69,278.51998,278.51998,8312400,2018,2,16
277.73999,285.80999,276.60998,278.54998,278.54998,7769000,2018,2,20
282.07,286.64001,280.01001,281.04,281.04,9371100,2018,2,21
283.88,284.5,274.45001,278.14001,278.14001,8891500,2018,2,22
281.0,286.0,277.80999,285.92999,285.92999,7301800,2018,2,23
288.75,295.64999,287.01001,294.16,294.16,10268600,2018,2,26
294.76998,297.35998,290.58999,290.60998,290.60998,9416500,2018,2,27
293.1,295.75,290.77999,291.38,291.38,7653500,2018,2,28
292.75,295.25,283.82998,290.39001,290.39001,11932100,2018,3,1
284.64999,301.17999,283.23001,301.04998,301.04998,13345300,2018,3,2
302.85,316.91,297.6,315.0,315.0,18986100,2018,3,5
319.88,325.79,316.5,325.22,325.22,18525800,2018,3,6
320.0,323.73999,314.54998,321.16,321.16,17132200,2018,3,7
322.20001,322.92001,314.13,317.0,317.0,11340100,2018,3,8
321.32998,331.44,320.23001,331.44,331.44,14500200,2018,3,9
333.55999,333.98001,318.6,321.29998,321.29998,20369200,2018,3,12
323.86999,325.83999,313.27999,315.88,315.88,12917200,2018,3,13
318.16,323.88,317.70001,321.54998,321.54998,10475100,2018,3,14
323.17001,323.39999,318.14001,321.08999,321.08999,5642900,2018,3,15
321.42001,324.10998,318.36999,318.45001,318.45001,7333700,2018,3,16
315.79998,317.0,307.33999,313.48001,313.48001,9925200,2018,3,19
313.26001,319.5,312.79998,317.5,317.5,5991900,2018,3,20
316.35,319.39999,314.51001,316.48001,316.48001,5263900,2018,3,21
313.07,314.11999,305.66,306.70001,306.70001,8063300,2018,3,22
307.41,309.36999,300.35998,300.94,300.94,9529900,2018,3,23
309.35998,321.02999,302.0,320.35,320.35,11988300,2018,3,26
322.48999,322.89999,297.0,300.69,300.69,12068600,2018,3,27
298.39001,298.79998,281.60998,285.76998,285.76998,18972900,2018,3,28
287.0,295.35,275.89999,295.35,295.35,19145500,2018,3,29
291.94,292.86999,275.04998,280.29,280.29,13405800,2018,4,2
285.45001,291.25,278.01001,283.67001,283.67001,12694900,2018,4,3
273.63,290.30999,271.22,288.94,288.94,12914000,2018,4,4
293.14999,299.16,289.10998,293.97,293.97,10655200,2018,4,5
289.1,298.85,285.64999,288.85,288.85,11444800,2018,4,6
291.76998,299.54998,289.11999,289.92999,289.92999,9853600,2018,4,9
297.67999,298.95001,291.69,298.07,298.07,10660500,2018,4,10
302.88,311.64001,301.82,303.67001,303.67001,14877400,2018,4,11
309.72,311.13,306.75,309.25,309.25,10249400,2018,4,12
317.29,317.48999,308.23001,311.64999,311.64999,12046600,2018,4,13
315.98999,316.1,304.0,307.77999,307.77999,20307900,2018,4,16
329.66,338.61999,323.76998,336.05999,336.05999,33866500,2018,4,17
336.29998,338.82,331.1,334.51998,334.51998,11221100,2018,4,18
332.88,335.30999,326.76998,332.70001,332.70001,8438800,2018,4,19
332.22,336.51001,326.0,327.76998,327.76998,9158700,2018,4,20
329.14999,331.22,317.07998,318.69,318.69,8968000,2018,4,23
319.22,320.25,302.30999,307.01998,307.01998,13893200,2018,4,24
306.36999,309.98001,292.61999,305.76001,305.76001,14919700,2018,4,25
310.0,316.63,305.57998,313.98001,313.98001,9266700,2018,4,26
316.25,317.45001,306.5,311.76001,311.76001,7074400,2018,4,27
311.07,317.88,310.11999,312.45999,312.45999,6088800,2018,4,30
310.35998,313.48001,306.69,313.29998,313.29998,6036600,2018,5,1
311.64999,317.1,310.39999,313.35998,313.35998,5697100,2018,5,2
312.58999,312.58999,305.73001,311.69,311.69,6135800,2018,5,3
308.70999,320.98001,307.67001,320.08999,320.08999,8209500,2018,5,4
321.98999,329.01998,319.33999,326.26001,326.26001,7117800,2018,5,7
325.89999,327.35,323.04998,326.89001,326.89001,4735700,2018,5,8
328.79,331.95001,327.51001,330.29998,330.29998,5633400,2018,5,9
331.5,332.05999,327.33999,329.6,329.6,5302300,2018,5,10
329.64999,331.26001,324.86999,326.45999,326.45999,4589700,2018,5,11
327.25,330.5,327.04,328.52999,328.52999,4089800,2018,5,14
325.94,326.94,322.42999,326.13,326.13,4746100,2018,5,15
326.27999,329.72,325.14001,328.19,328.19,3671700,2018,5,16
327.52999,330.45001,323.17001,325.22,325.22,4935700,2018,5,17
324.89999,326.42001,322.79998,324.17999,324.17999,3577700,2018,5,18
327.10998,331.88,325.45001,331.82,331.82,6657300,2018,5,21
334.04998,336.63,331.14999,331.61999,331.61999,5964400,2018,5,22
329.04,345.0,328.08999,344.72,344.72,10049100,2018,5,23
344.33999,354.0,341.11999,349.29,349.29,14758600,2018,5,24
349.89999,354.35998,348.82998,351.29,351.29,7817400,2018,5,25
351.5,356.1,346.70999,349.73001,349.73001,9717900,2018,5,29
352.36999,354.0,349.26001,353.54,353.54,5685500,2018,5,30
353.79998,355.52999,350.20999,351.6,351.6,6921700,2018,5,31
353.88,359.98999,352.82,359.92999,359.92999,7112300,2018,6,1
362.67999,363.0,355.51001,361.80999,361.80999,7682000,2018,6,4
363.32,369.82998,361.41,365.79998,365.79998,8358000,2018,6,5
367.77999,369.67999,363.32998,367.45001,367.45001,7712300,2018,6,6
368.54,368.70001,357.79998,361.39999,361.39999,8278000,2018,6,7
358.05999,362.39001,356.25,360.57,360.57,5225700,2018,6,8
361.88,365.67001,360.91,361.45001,361.45001,4432400,2018,6,11
363.6,365.98001,362.0,363.82998,363.82998,4291000,2018,6,12
367.52999,384.25,364.10998,379.92999,379.92999,18222800,2018,6,13
384.26998,395.02999,383.25,392.86999,392.86999,14598300,2018,6,14
390.70999,398.85998,387.51001,391.98001,391.98001,13588100,2018,6,15
387.72,393.16,386.5,390.39999,390.39999,6824800,2018,6,18
389.5,405.29,388.5,404.98001,404.98001,16697100,2018,6,19
415.14999,419.47,409.6,416.76001,416.76001,16494600,2018,6,20
421.38,423.20999,406.36999,415.44,415.44,18389900,2018,6,21
419.98001,420.5,409.64999,411.08999,411.08999,10428600,2018,6,22
404.69,405.98999,378.75,384.48001,384.48001,22490900,2018,6,25
393.27999,404.77999,389.04998,399.39001,399.39001,15191200,2018,6,26
407.55999,411.58999,390.0,390.39001,390.39001,16541400,2018,6,27
395.0,396.89999,387.1,395.42001,395.42001,12219900,2018,6,28
399.19,401.32998,390.54998,391.42999,391.42999,9252500,2018,6,29
385.45001,398.38,380.0,398.17999,398.17999,8142500,2018,7,2
399.48999,399.98001,389.5,390.51998,390.51998,5280300,2018,7,3
393.79998,399.23999,390.85998,398.39001,398.39001,8448900,2018,7,5
397.45001,408.64999,395.51998,408.25,408.25,8629600,2018,7,6
415.95001,419.11999,411.1,418.97,418.97,11127500,2018,7,9
417.23999,419.44,413.07998,415.63,415.63,9382900,2018,7,10
411.33999,419.76998,410.6,418.64999,418.64999,9713900,2018,7,11
415.16,416.79,407.79998,413.5,413.5,12743300,2018,7,12
409.19,410.0,395.07998,395.79998,395.79998,15719000,2018,7,13
398.98001,403.35998,391.75,400.48001,400.48001,22960000,2018,7,16
346.95001,385.0,344.0,379.48001,379.48001,58410400,2018,7,17
381.23999,383.13,372.35998,375.13,375.13,21746300,2018,7,18
371.05999,375.75,363.0,364.23001,364.23001,16878700,2018,7,19
364.92001,370.5,360.14001,361.04998,361.04998,15096700,2018,7,20
359.14999,363.89999,353.6,362.66,362.66,11505200,2018,7,23
366.94,367.39999,354.55999,357.32,357.32,12851500,2018,7,24
357.57,363.27999,355.64999,362.86999,362.86999,8467800,2018,7,25
358.19,365.54,356.63,363.08999,363.08999,6993700,2018,7,26
366.85,367.0,351.64999,355.20999,355.20999,8949500,2018,7,27
351.92999,352.02999,334.01998,334.95999,334.95999,18260700,2018,7,30
331.51001,342.5,328.0,337.45001,337.45001,14085400,2018,7,31
335.86999,344.41,334.01998,338.38,338.38,7790500,2018,8,1
337.23001,345.0,334.70999,344.5,344.5,7131300,2018,8,2
347.75,347.85998,338.48001,343.08999,343.08999,8848400,2018,8,3
342.86999,351.98001,341.73999,350.92001,350.92001,8198100,2018,8,6
353.23001,357.30999,349.01001,351.82998,351.82998,7970900,2018,8,7
352.20999,352.29,346.60998,347.60998,347.60998,5394700,2018,8,8
347.95999,352.44,345.82,349.35998,349.35998,4820300,2018,8,9
346.91,349.1,344.42001,345.86999,345.86999,4328400,2018,8,10
339.89001,347.19,339.07,341.30999,341.30999,6888900,2018,8,13
342.08999,342.41,336.25,337.48999,337.48999,5805200,2018,8,14
334.02999,335.5,321.0,326.39999,326.39999,11784500,2018,8,15
329.89999,331.17001,321.20999,322.44,322.44,6689700,2018,8,16
319.01001,324.36999,312.95999,316.77999,316.77999,10407900,2018,8,17
314.64001,331.6,310.92999,327.73001,327.73001,13591100,2018,8,20
331.0,341.5,329.70001,338.01998,338.01998,14783200,2018,8,21
338.48999,346.20999,337.41,344.44,344.44,8930700,2018,8,22
348.10998,350.07998,337.64999,339.17001,339.17001,11336400,2018,8,23
346.0,359.14999,344.54,358.82,358.82,14729100,2018,8,24
367.14999,374.48999,360.0,364.57998,364.57998,17427300,2018,8,27
367.23001,369.98999,360.38,368.48999,368.48999,9222600,2018,8,28
367.20001,369.85998,362.91,368.04,368.04,8118700,2018,8,29
365.0,376.80999,363.54,370.98001,370.98001,10981000,2018,8,30
370.66,376.0,367.07998,367.67999,367.67999,7943400,2018,8,31
366.47,368.88,361.26001,363.6,363.6,7605200,2018,9,4
360.0,363.39001,335.82998,341.17999,341.17999,13092800,2018,9,5
347.44,356.0,341.98999,346.45999,346.45999,13050200,2018,9,6
342.20001,355.75,341.25,348.67999,348.67999,9105800,2018,9,7
352.26998,352.5,343.07998,348.41,348.41,5752200,2018,9,10
344.67001,356.14999,343.89999,355.92999,355.92999,6198100,2018,9,11
359.07998,370.42999,356.23999,369.95001,369.95001,10480800,2018,9,12
371.91,374.08999,366.83999,368.14999,368.14999,8366100,2018,9,13
368.54998,371.08999,363.45999,364.55999,364.55999,4756400,2018,9,14
364.22,367.32998,349.57,350.35,350.35,7071900,2018,9,17
353.67001,368.14999,351.55999,367.64999,367.64999,10414000,2018,9,18
373.95001,377.60998,359.17001,366.95999,366.95999,11876800,2018,9,19
370.26001,370.26001,363.17001,365.35998,365.35998,6768100,2018,9,20
366.58999,372.22,360.73999,361.19,361.19,11930600,2018,9,21
359.0,373.64001,354.32998,369.60998,369.60998,9322500,2018,9,24
370.23001,371.33999,364.48999,369.42999,369.42999,6799800,2018,9,25
373.58999,382.0,370.88,377.88,377.88,13799700,2018,9,26
379.86999,383.20001,376.0,380.70999,380.70999,7326200,2018,9,27
379.23999,380.79998,373.73001,374.13,374.13,7114900,2018,9,28
375.85,386.10998,375.58999,381.42999,381.42999,8376600,2018,10,1
384.38,386.79998,373.82998,377.14001,377.14001,8638700,2018,10,2
378.52999,380.92999,374.88,377.04998,377.04998,5798600,2018,10,3
375.88,375.92001,360.39999,363.64999,363.64999,9074400,2018,10,4
359.76998,363.5,343.0,351.35,351.35,13523000,2018,10,5
345.17999,352.95001,338.10998,349.1,349.1,12375500,2018,10,8
348.48001,358.72,347.08999,355.70999,355.70999,8755000,2018,10,9
353.51998,355.14999,325.39001,325.89001,325.89001,17183100,2018,10,10
324.94,334.20001,315.80999,321.1,321.1,16082100,2018,10,11
339.57,341.29998,328.89999,339.55999,339.55999,14870800,2018,10,12
337.63,339.20999,326.92999,333.13,333.13,11215000,2018,10,15
337.23999,347.95001,330.55999,346.39999,346.39999,20156400,2018,10,16
378.32998,380.0,356.5,364.70001,364.70001,32610900,2018,10,17
360.67001,362.20001,346.04998,346.70999,346.70999,18461000,2018,10,18
351.0,355.79998,332.20001,332.67001,332.67001,16717200,2018,10,19
333.1,335.79998,320.33999,329.54,329.54,17097200,2018,10,22
318.0,336.57998,316.76998,333.16,333.16,14907300,2018,10,23
332.27999,333.0,300.73001,301.82998,301.82998,19039300,2018,10,24
307.11999,319.94,305.25,312.86999,312.86999,13346900,2018,10,25
300.51001,313.98999,292.29998,299.82998,299.82998,19616000,2018,10,26
305.26001,307.89001,275.39999,284.83999,284.83999,21698800,2018,10,29
275.57,290.51998,271.20999,285.80999,285.80999,23685700,2018,10,30
297.76998,311.5,295.04998,301.77999,301.77999,20360300,2018,10,31
304.58999,318.45001,296.67001,317.38,317.38,15121500,2018,11,1
318.0,321.88,308.32998,309.1,309.1,13404600,2018,11,2
311.1,317.52999,303.73999,315.44,315.44,10283000,2018,11,5
314.76001,320.22,305.29998,310.83999,310.83999,9710400,2018,11,6
312.89999,328.55999,311.0,327.5,327.5,13328300,2018,11,7
328.0,332.04998,316.60998,317.92001,317.92001,11023900,2018,11,8
311.07,312.98001,298.01001,303.47,303.47,13480800,2018,11,9
300.0,302.48999,290.63,294.07,294.07,10924800,2018,11,12
295.0,303.54998,289.1,294.39999,294.39999,12232200,2018,11,13
300.39999,301.83999,278.29998,286.73001,286.73001,16853600,2018,11,14
285.51001,292.5,282.16,290.05999,290.05999,9967100,2018,11,15
287.14001,291.72,281.0,286.20999,286.20999,9099500,2018,11,16
283.79,285.08999,269.14999,270.6,270.6,12993800,2018,11,19
254.63,276.33999,250.0,266.98001,266.98001,16693800,2018,11,20
274.42001,275.33999,261.51001,262.13,262.13,11023000,2018,11,21
260.10998,265.5,256.83999,258.82,258.82,5245100,2018,11,23
260.54998,266.25,253.8,261.42999,261.42999,12498600,2018,11,26
259.23999,269.07998,256.14001,266.63,266.63,11149500,2018,11,27
271.98001,284.0,263.33999,282.64999,282.64999,14801300,2018,11,28
282.32,290.48999,275.5,288.75,288.75,15431500,2018,11,29
288.0,290.80999,283.05999,286.13,286.13,11860100,2018,11,30
293.19,298.72,284.57998,290.29998,290.29998,14117400,2018,12,3
288.13,295.73999,274.72,275.32998,275.32998,12800600,2018,12,4
268.32998,283.22,267.14001,282.88,282.88,13074300,2018,12,6
282.48001,284.20999,263.38,265.14001,265.14001,12466700,2018,12,7
264.19,271.17999,260.60998,269.70001,269.70001,9605600,2018,12,10
274.07998,274.5,262.76001,265.32,265.32,9843200,2018,12,11
267.66,281.76998,266.48001,274.88,274.88,11456700,2018,12,12
277.64001,279.32,271.85,276.01998,276.01998,8379300,2018,12,13
271.80999,277.67001,265.0,266.83999,266.83999,9915300,2018,12,14
266.51001,272.98001,261.07998,262.79998,262.79998,9634700,2018,12,17
263.29998,275.75,263.29,270.94,270.94,10350100,2018,12,18
269.95999,280.86999,263.76998,266.76998,266.76998,13788400,2018,12,19
264.64001,269.89999,251.88,260.57998,260.57998,16792900,2018,12,20
263.82998,264.5,241.28999,246.38999,246.38999,21397600,2018,12,21
242.0,250.64999,233.67999,233.88,233.88,9547600,2018,12,24
233.91999,254.5,231.22999,253.66999,253.66999,14402700,2018,12,26
250.11,255.58999,240.1,255.57,255.57,12235200,2018,12,27
257.94,261.91,249.8,256.07998,256.07998,10992800,2018,12,28
260.16,270.1,260.0,267.66,267.66,13508900,2018,12,31
259.27999,269.75,256.57998,267.66,267.66,11679500,2019,1,2
270.20001,275.79,264.42999,271.20001,271.20001,14969600,2019,1,3
281.88,297.79998,278.54,297.57,297.57,19330100,2019,1,4
302.1,316.79998,301.64999,315.33999,315.33999,18620100,2019,1,7
319.98001,320.58999,308.01001,320.26998,320.26998,15359200,2019,1,8
317.70999,323.35,313.5,319.95999,319.95999,13343200,2019,1,9
314.57,325.36999,312.5,324.66,324.66,13472500,2019,1,10
330.95999,341.08999,328.51998,337.58999,337.58999,19500400,2019,1,11
334.23999,335.48001,329.13,332.94,332.94,10499600,2019,1,14
349.6,357.22,347.0,354.64001,354.64001,21181200,2019,1,15
354.0,358.85,348.10998,351.39001,351.39001,15385500,2019,1,16
349.5,355.79,346.41,353.19,353.19,18871200,2019,1,17
351.97,353.0,336.73001,339.1,339.1,26621000,2019,1,18
334.89001,336.88,321.02999,325.16,325.16,17941400,2019,1,22
328.25,331.75,318.6,321.98999,321.98999,13480100,2019,1,23
320.6,331.79998,319.0,326.67001,326.67001,11131600,2019,1,24
328.72,340.0,328.51001,338.04998,338.04998,11152900,2019,1,25
334.70001,336.29998,328.88,335.66,335.66,8652100,2019,1,28
335.86999,338.22,328.14999,328.89999,328.89999,7655200,2019,1,29
332.75,341.77999,330.79998,340.66,340.66,9234500,2019,1,30
339.67999,345.98999,338.08999,339.5,339.5,8535500,2019,1,31
337.17999,346.83999,336.5,339.85,339.85,9827800,2019,2,1
342.6,352.0,341.29998,351.33999,351.33999,9051400,2019,2,4
353.20001,360.0,352.89999,355.80999,355.80999,9046600,2019,2,5
357.0,357.04,347.19,352.19,352.19,6717700,2019,2,6
347.89999,348.75,339.01998,344.70999,344.70999,7864500,2019,2,7
338.0,348.0,338.0,347.57,347.57,7561400,2019,2,8
350.0,352.86999,344.80999,345.73001,345.73001,5454900,2019,2,11
348.08999,360.0,346.51998,359.97,359.97,10429400,2019,2,12
357.29998,359.6,350.27999,351.76998,351.76998,10559100,2019,2,13
351.75,360.45001,348.32998,359.07,359.07,9295300,2019,2,14
358.47,364.39999,355.5,356.86999,356.86999,9230000,2019,2,15
355.79998,365.0,355.32,361.92001,361.92001,7396600,2019,2,19
364.85,366.70999,356.70001,359.91,359.91,8110700,2019,2,20
360.02999,362.85,353.88,356.97,356.97,6227900,2019,2,21
360.33999,366.13,360.04998,363.01998,363.01998,7088200,2019,2,22
367.01001,371.48999,363.79,363.91,363.91,7569300,2019,2,25
362.98001,365.70001,359.32998,364.97,364.97,4944600,2019,2,26
363.5,368.02999,359.79998,362.86999,362.86999,5629900,2019,2,27
362.47,366.39001,357.70999,358.1,358.1,6186800,2019,2,28
362.26001,362.86999,354.69,357.32,357.32,5526500,2019,3,1
359.72,362.25,348.04,351.04,351.04,7487000,2019,3,4
351.45999,356.17001,348.25,354.29998,354.29998,5937800,2019,3,5
353.6,359.88,351.70001,359.60998,359.60998,6211900,2019,3,6
360.16,362.85998,350.5,352.6,352.6,6151300,2019,3,7
345.75,349.92001,342.47,349.6,349.6,6898800,2019,3,8
352.0,358.98001,350.02999,358.85998,358.85998,5387300,2019,3,11
359.36999,360.13,353.79998,356.26998,356.26998,5164600,2019,3,12
355.80999,362.48001,352.76998,361.20999,361.20999,6444100,2019,3,13
360.5,363.83999,358.1,358.82,358.82,5271400,2019,3,14
361.01998,364.0,358.89001,361.45999,361.45999,8444500,2019,3,15
362.47,370.97,361.85998,363.44,363.44,7194700,2019,3,18
366.39999,366.95999,356.79998,358.77999,358.77999,7541400,2019,3,19
358.91,375.89999,357.01001,375.22,375.22,10917200,2019,3,20
374.0,379.0,370.60998,377.86999,377.86999,8544000,2019,3,21
375.95001,376.42999,360.04,361.01001,361.01001,8661300,2019,3,22
359.0,367.04,357.44,366.23001,366.23001,8473800,2019,3,25
367.86999,368.38,358.01998,359.97,359.97,7666500,2019,3,26
361.0,362.47,350.36999,353.36999,353.36999,7852400,2019,3,27
354.48999,355.94,349.20001,354.60998,354.60998,4361000,2019,3,28
357.16,358.25,353.70999,356.55999,356.55999,4705600,2019,3,29
359.0,368.32998,358.51001,366.95999,366.95999,7036100,2019,4,1
366.25,368.42001,362.22,367.72,367.72,5158700,2019,4,2
369.26001,373.41,366.19,369.75,369.75,5368900,2019,4,3
370.07,372.04998,362.39999,367.88,367.88,4627300,2019,4,4
369.0,369.79998,364.66,365.48999,365.48999,3905500,2019,4,5
365.10998,365.94,359.92999,361.41,361.41,4653800,2019,4,8
360.54,366.73999,359.0,364.70999,364.70999,5439200,2019,4,9
365.79,368.85,362.25,363.92001,363.92001,4545600,2019,4,10
365.0,370.11999,360.80999,367.64999,367.64999,6526900,2019,4,11
360.69,361.75,349.35998,351.14001,351.14001,15646200,2019,4,12
350.70999,352.20999,342.26998,348.86999,348.86999,8842300,2019,4,15
355.0,364.48001,352.72,359.45999,359.45999,18740200,2019,4,16
365.04998,368.76001,350.6,354.73999,354.73999,18054100,2019,4,17
355.0,360.41,351.64001,360.35,360.35,8353200,2019,4,18
359.70001,377.69,359.0,377.33999,377.33999,11980500,2019,4,22
375.45001,384.79998,374.70999,381.89001,381.89001,10089800,2019,4,23
381.07,381.89999,373.26998,374.23001,374.23001,6541900,2019,4,24
374.48999,374.76001,365.70001,368.32998,368.32998,6255500,2019,4,25
368.35,375.14001,366.23999,374.85,374.85,5621900,2019,4,26
373.67999,374.57998,369.11999,371.82998,371.82998,3821700,2019,4,29
369.55999,374.5,368.35,370.54,370.54,3870100,2019,4,30
374.0,385.98999,373.17001,378.80999,378.80999,9257300,2019,5,1
378.0,383.5,374.51001,379.05999,379.05999,5398200,2019,5,2
381.52999,385.02999,378.26998,385.02999,385.02999,5130300,2019,5,3
377.69,381.35,376.0,378.67001,378.67001,5793100,2019,5,6
377.0,379.91,365.80999,370.45999,370.45999,6974900,2019,5,7
367.92001,369.0,361.35998,364.36999,364.36999,6572000,2019,5,8
360.89999,364.20001,352.75,362.75,362.75,5882600,2019,5,9
361.61999,365.26001,353.05999,361.04,361.04,5657100,2019,5,10
352.29,354.26001,343.1,345.26001,345.26001,8026700,2019,5,13
348.70999,349.95001,342.5,345.60998,345.60998,5353000,2019,5,14
343.33999,356.5,341.39001,354.98999,354.98999,6340100,2019,5,15
356.36999,364.0,353.94,359.30999,359.30999,6441500,2019,5,16
356.39001,359.61999,353.79,354.45001,354.45001,4725400,2019,5,17
351.23001,352.42001,345.39999,348.10998,348.10998,4621500,2019,5,20
350.95001,356.42999,349.92999,354.26998,354.26998,4026400,2019,5,21
358.01001,370.45999,357.29998,359.73001,359.73001,6229400,2019,5,22
355.5,357.42001,347.70001,352.20999,352.20999,5630400,2019,5,23
355.41,359.44,353.79,354.39001,354.39001,3831000,2019,5,24
354.39001,361.20001,353.64999,355.05999,355.05999,4717100,2019,5,28
353.6,353.85,345.89999,349.19,349.19,5658900,2019,5,29
350.54998,354.20999,348.29998,351.85,351.85,4008000,2019,5,30
347.22,349.33999,342.92001,343.27999,343.27999,5023400,2019,5,31
343.55999,347.66,332.64999,336.63,336.63,7849600,2019,6,3
345.0,353.60998,343.25,353.39999,353.39999,7891600,2019,6,4
354.38,357.88,348.70999,355.73001,355.73001,5020100,2019,6,5
354.83999,358.20999,352.08999,357.13,357.13,3710000,2019,6,6
357.39001,365.14999,355.69,360.86999,360.86999,4777300,2019,6,7
363.64999,367.1,349.29,352.01001,352.01001,7810300,2019,6,10
355.0,357.57998,348.5,351.26998,351.26998,5396700,2019,6,11
351.82,353.60998,343.23001,345.55999,345.55999,4584700,2019,6,12
347.23001,348.5,339.25,343.42999,343.42999,6209300,2019,6,13
341.63,343.39999,336.16,339.73001,339.73001,5019000,2019,6,14
342.69,351.76998,342.05999,350.61999,350.61999,5358200,2019,6,17
355.57,361.5,353.75,357.11999,357.11999,5428500,2019,6,18
361.72,364.73999,356.11999,363.51998,363.51998,5667200,2019,6,19
365.91,370.11999,361.22,365.20999,365.20999,5899500,2019,6,20
365.0,371.45001,365.0,369.20999,369.20999,7448400,2019,6,21
370.26998,375.0,370.20001,371.04,371.04,4830200,2019,6,24
370.75,371.0,358.29,360.29998,360.29998,5750400,2019,6,25
361.6,366.79,361.6,362.20001,362.20001,3669700,2019,6,26
363.20001,370.85,363.20001,370.01998,370.01998,4138600,2019,6,27
370.26001,371.54,364.86999,367.32,367.32,4592700,2019,6,28
373.5,376.66,372.0,374.6,374.6,4992600,2019,7,1
374.89001,376.0,370.30999,375.42999,375.42999,3625000,2019,7,2
376.69,381.98999,375.83999,381.72,381.72,3799000,2019,7,3
378.29,381.39999,375.55999,380.54998,380.54998,3732200,2019,7,5
378.19,378.25,375.35998,376.16,376.16,3113400,2019,7,8
379.05999,384.76001,377.5,379.92999,379.92999,6932800,2019,7,9
382.76998,384.33999,362.67999,381.0,381.0,5878800,2019,7,10
381.1,384.54,378.79998,379.5,379.5,4336300,2019,7,11
378.67999,379.73999,372.79,373.25,373.25,6636900,2019,7,12
372.94,373.67999,362.29998,366.6,366.6,7944700,2019,7,15
370.08999,371.33999,364.92001,365.98999,365.98999,5863200,2019,7,16
366.25,366.5,361.75,362.44,362.44,13639500,2019,7,17
323.76001,329.85,320.29998,325.20999,325.20999,31287100,2019,7,18
323.39999,325.85,314.23001,315.1,315.1,16302500,2019,7,19
312.0,314.54,305.80999,310.61999,310.61999,17718000,2019,7,22
311.44,313.5,306.0,307.29998,307.29998,9171100,2019,7,23
310.51001,319.98999,307.25,317.94,317.94,11961800,2019,7,24
318.85998,327.69,316.29998,326.45999,326.45999,10798500,2019,7,25
328.79,336.0,327.5,335.77999,335.77999,10847500,2019,7,26
335.98001,336.39999,328.76998,332.70001,332.70001,5782800,2019,7,29
329.20001,329.64999,323.23001,325.92999,325.92999,6029300,2019,7,30
325.16,331.76998,318.52999,322.98999,322.98999,6259500,2019,7,31
324.25,328.57998,318.73999,319.5,319.5,6563200,2019,8,1
317.48999,319.41,311.79998,318.82998,318.82998,6280300,2019,8,2
310.95999,313.42001,304.67999,307.63,307.63,8692500,2019,8,5
310.57998,311.88,305.29998,310.1,310.1,6179100,2019,8,6
302.55999,305.0,296.80999,304.29,304.29,9322400,2019,8,7
311.02999,316.35998,306.63,315.89999,315.89999,5905900,2019,8,8
313.73999,316.64001,305.67999,308.92999,308.92999,5349100,2019,8,9
305.45999,312.89001,303.23999,310.82998,310.82998,6531700,2019,8,12
309.76998,316.42999,308.16,312.27999,312.27999,5289400,2019,8,13
308.01001,308.41,298.01001,299.10998,299.10998,7355800,2019,8,14
299.5,300.63,288.0,295.76001,295.76001,9629200,2019,8,15
298.85998,303.54998,296.26998,302.79998,302.79998,6905800,2019,8,16
306.25,311.75,304.75,309.38,309.38,4942200,2019,8,19
304.57,305.0,297.67999,298.98999,298.98999,7349900,2019,8,20
301.60998,302.88,296.20001,297.80999,297.80999,5685400,2019,8,21
298.64999,300.32998,293.14999,296.92999,296.92999,4974200,2019,8,22
295.0,299.01001,290.32,291.44,291.44,6324900,2019,8,23
295.23999,296.95001,292.5,294.98001,294.98001,4695700,2019,8,26
294.54,296.76998,287.20001,291.02999,291.02999,6309400,2019,8,27
289.47,292.82,287.75,291.76998,291.76998,3955700,2019,8,28
295.0,299.92999,294.98999,296.77999,296.77999,4388500,2019,8,29
298.77999,298.94,290.85,293.75,293.75,4446400,2019,8,30
290.82,293.89999,288.05999,289.29,289.29,3682800,2019,9,3
291.25,292.38,286.51001,291.51998,291.51998,4652500,2019,9,4
285.32,293.97,282.79,293.25,293.25,8966800,2019,9,5
293.35,293.35,287.02999,290.17001,290.17001,5166600,2019,9,6
294.80999,301.54998,290.6,294.33999,294.33999,8232700,2019,9,9
291.16,297.17001,282.66,287.98999,287.98999,12320200,2019,9,10
285.70001,292.64999,284.60998,288.26998,288.26998,7405900,2019,9,11
288.1,292.73001,286.6,288.85998,288.85998,5010900,2019,9,12
290.60998,296.61999,290.04,294.14999,294.14999,6583100,2019,9,13
294.23001,297.42999,289.77999,294.29,294.29,5307400,2019,9,16
294.5,299.14999,291.79,298.6,298.6,4777100,2019,9,17
294.98999,296.04998,287.45001,291.55999,291.55999,7811100,2019,9,18
291.55999,293.80999,283.39999,286.6,286.6,8461300,2019,9,19
280.26001,282.5,266.0,270.75,270.75,23832800,2019,9,20
268.35,273.39001,261.89001,265.92001,265.92001,13478600,2019,9,23
262.5,265.0,252.27999,254.58999,254.58999,16338200,2019,9,24
255.71,266.6,253.69999,264.75,264.75,11643800,2019,9,25
266.42001,268.04998,260.20001,263.30999,263.30999,7684000,2019,9,26
266.17999,267.44,260.39001,263.07998,263.07998,7328300,2019,9,27
264.0,268.88,262.77999,267.61999,267.61999,6727200,2019,9,30
267.35,272.20001,264.02999,269.57998,269.57998,8650300,2019,10,1
263.60998,269.35,262.19,268.02999,268.02999,7659100,2019,10,2
267.77999,268.83999,257.01001,268.14999,268.14999,8951000,2019,10,3
268.20001,275.48001,266.47,272.79,272.79,9890400,2019,10,4
271.98999,276.67999,271.27999,274.45999,274.45999,6525600,2019,10,7
273.02999,275.52999,270.64001,270.72,270.72,6276400,2019,10,8
270.01998,271.0,264.57,267.52999,267.52999,6794400,2019,10,9
265.97,280.52999,265.02999,280.48001,280.48001,10809100,2019,10,10
284.79998,287.86999,282.33999,282.92999,282.92999,8786100,2019,10,11
283.92999,286.92999,282.0,285.52999,285.52999,5513200,2019,10,14
283.82,285.86999,279.39999,284.25,284.25,7685600,2019,10,15
283.11999,288.17001,280.73999,286.27999,286.27999,16175900,2019,10,16
304.48999,308.75,288.29998,293.35,293.35,38258900,2019,10,17
289.35998,290.89999,273.35998,275.29998,275.29998,23429900,2019,10,18
272.89001,279.94,269.0,278.04998,278.04998,12599200,2019,10,21
271.16,275.41,265.79998,266.69,266.69,11802400,2019,10,22
268.05999,273.92001,266.63,271.26998,271.26998,7133500,2019,10,23
271.80999,274.01998,268.79998,271.5,271.5,4827400,2019,10,24
270.67999,277.76998,270.17999,276.82,276.82,4747800,2019,10,25
278.04998,285.75,277.35,281.85998,281.85998,6248400,2019,10,28
281.86999,284.41,277.54998,281.20999,281.20999,4356200,2019,10,29
284.33999,293.48999,283.0,291.45001,291.45001,9345600,2019,10,30
291.0,291.45001,284.77999,287.41,287.41,5090000,2019,10,31
288.70001,289.11999,283.01998,286.80999,286.80999,5594300,2019,11,1
288.0,295.39001,287.16,292.85998,292.85998,5566200,2019,11,4
289.98999,291.19,286.30999,288.02999,288.02999,4062400,2019,11,5
288.19,290.55999,285.83999,288.58999,288.58999,3438300,2019,11,6
290.70001,298.19,288.26998,289.57,289.57,5928500,2019,11,7
288.73001,293.98999,287.51001,291.57,291.57,4509000,2019,11,8
289.16,296.35998,288.5,294.17999,294.17999,3944300,2019,11,11
295.32,295.35,288.70001,292.01001,292.01001,5772800,2019,11,12
291.02999,293.41,281.14001,283.10998,283.10998,9158900,2019,11,13
283.25,290.63,283.22,289.61999,289.61999,6529000,2019,11,14
290.58999,295.82,287.57,295.02999,295.02999,6333800,2019,11,15
296.0,304.98999,293.27999,302.57,302.57,8616600,2019,11,18
304.01001,305.67001,298.51998,302.6,302.6,5918000,2019,11,19
301.01001,308.25,301.0,305.16,305.16,5111800,2019,11,20
306.0,312.69,304.26001,311.69,311.69,7488400,2019,11,21
309.1,311.39999,304.41,310.48001,310.48001,5970100,2019,11,22
308.82998,315.73001,305.25,315.54998,315.54998,7873900,2019,11,25
315.0,316.5,311.69,312.48999,312.48999,5321000,2019,11,26
313.92999,316.82,312.75,315.92999,315.92999,4096900,2019,11,27
315.77999,316.61999,313.33999,314.66,314.66,2411700,2019,11,29
314.39001,314.39001,303.75,309.98999,309.98999,6218800,2019,12,2
302.22,307.35998,301.88,306.16,306.16,4992800,2019,12,3
308.42999,308.42999,303.26998,304.32,304.32,3512100,2019,12,4
305.26998,306.48001,298.80999,302.85998,302.85998,4615500,2019,12,5
304.70001,307.85,302.6,307.35,307.35,4457800,2019,12,6
307.35,311.48999,302.44,302.5,302.5,5748400,2019,12,9
296.11999,298.94,292.01998,293.11999,293.11999,10476100,2019,12,10
294.48999,299.42999,294.20001,298.92999,298.92999,5589800,2019,12,11
295.67001,299.17001,295.05999,298.44,298.44,4766600,2019,12,12
298.5,301.79998,297.25,298.5,298.5,3879700,2019,12,13
300.85,305.70999,298.63,304.20999,304.20999,4658900,2019,12,16
307.35998,316.79998,306.6,315.48001,315.48001,10427100,2019,12,17
316.26001,325.35998,315.6,320.79998,320.79998,11207400,2019,12,18
324.5,332.82998,324.17999,332.22,332.22,9822300,2019,12,19
335.0,338.0,330.6,336.89999,336.89999,9914900,2019,12,20
337.76001,337.95001,331.01998,333.1,333.1,5765300,2019,12,23
334.01001,335.70001,331.6,333.20001,333.20001,2019300,2019,12,24
334.6,336.45999,332.01001,332.63,332.63,3589900,2019,12,26
332.95999,333.82,326.01001,329.08999,329.08999,5036100,2019,12,27
329.07998,329.19,322.85998,323.30999,323.30999,4311500,2019,12,30
322.0,324.92001,321.08999,323.57,323.57,3713300,2019,12,31
326.1,329.98001,324.77999,329.80999,329.80999,4485800,2020,1,2
326.77999,329.85998,325.52999,325.89999,325.89999,3806900,2020,1,3
323.11999,336.35998,321.20001,335.82998,335.82998,5663100,2020,1,6
336.47,336.70001,330.29998,330.75,330.75,4703200,2020,1,7
331.48999,342.70001,331.04998,339.26001,339.26001,7104500,2020,1,8
342.0,343.42001,334.60998,335.66,335.66,4709300,2020,1,9
337.13,338.5,327.26998,329.04998,329.04998,4718300,2020,1,10
331.79998,340.85,331.51001,338.92001,338.92001,6290000,2020,1,13
344.39999,345.38,335.51998,338.69,338.69,7199400,2020,1,14
338.67999,343.17001,336.6,339.07,339.07,5158000,2020,1,15
343.5,343.55999,335.85,338.61999,338.61999,5016000,2020,1,16
341.0,341.57,337.38,339.67001,339.67001,6066500,2020,1,17
340.0,341.0,332.58999,338.10998,338.10998,14350300,2020,1,21
332.54998,336.29998,323.6,326.0,326.0,21730000,2020,1,22
326.04,349.88,325.01001,349.6,349.6,18200300,2020,1,23
348.45999,359.85,345.88,353.16,353.16,17939700,2020,1,24
345.95001,351.89999,341.01998,342.88,342.88,7709500,2020,1,27
345.88,352.39999,342.77999,348.51998,348.51998,6821600,2020,1,28
349.0,349.39999,338.54998,343.16,343.16,7643500,2020,1,29
341.1,348.20001,339.25,347.73999,347.73999,5328100,2020,1,30
347.39001,347.39001,340.98001,345.08999,345.08999,5230000,2020,1,31
347.23999,359.63,346.27999,358.0,358.0,6670600,2020,2,3
361.0,369.57,356.1,369.01001,369.01001,7161500,2020,2,4
375.13,375.25,362.29998,369.67001,369.67001,6437000,2020,2,5
369.6,371.54998,362.51001,366.95001,366.95001,3920400,2020,2,6
365.04,371.79998,363.57,366.76998,366.76998,4385200,2020,2,7
365.0,374.79998,362.51998,371.07,371.07,5294100,2020,2,10
373.75,378.10998,369.72,373.69,373.69,4772900,2020,2,11
377.17999,380.61999,375.88,380.01001,380.01001,4624800,2020,2,12
376.95999,385.36999,376.51001,381.39999,381.39999,4485400,2020,2,13
381.47,385.14999,379.42999,380.39999,380.39999,3736300,2020,2,14
379.29998,389.54,379.19,387.77999,387.77999,5173900,2020,2,18
388.11999,392.95001,384.89999,386.19,386.19,4896400,2020,2,19
386.55999,389.70001,376.67999,386.0,386.0,4079400,2020,2,20
385.32998,387.32,377.89999,380.07,380.07,3930100,2020,2,21
364.76001,372.82,361.0,368.70001,368.70001,6936400,2020,2,24
372.0,375.64999,357.72,360.08999,360.08999,6481200,2020,2,25
366.30999,382.0,365.0,379.23999,379.23999,8934100,2020,2,26
371.45999,391.55999,370.6,371.70999,371.70999,10967700,2020,2,27
364.20999,376.76998,356.79998,369.02999,369.02999,11168600,2020,2,28
373.10998,381.35998,364.5,381.04998,381.04998,6997900,2020,3,2
381.02999,393.51998,367.39999,368.76998,368.76998,8364600,2020,3,3
377.76998,384.01001,370.51001,383.79,383.79,5487300,2020,3,4
381.0,391.39999,368.64001,372.77999,372.77999,8747000,2020,3,5
367.70001,371.30999,356.85,368.97,368.97,8147200,2020,3,6
343.85998,357.47,341.72,346.48999,346.48999,7405500,2020,3,9
356.42999,364.54,347.85,364.13,364.13,7604400,2020,3,10
358.92001,362.98001,344.79,349.92001,349.92001,6036000,2020,3,11
326.5,335.72,307.32,315.25,315.25,12071600,2020,3,12
330.51001,336.42001,307.39001,336.29998,336.29998,9458200,2020,3,13
306.63,334.35,294.75,298.83999,298.83999,10559900,2020,3,16
306.19,322.89999,290.25,319.75,319.75,10013900,2020,3,17
302.39999,331.57998,300.0,315.47,315.47,12593600,2020,3,18
324.32998,348.51001,316.82,332.02999,332.02999,10616000,2020,3,19
342.30999,350.48999,332.0,332.82998,332.82998,10853800,2020,3,20
347.89001,366.10998,340.88,360.26998,360.26998,13449400,2020,3,23
369.98999,372.92999,353.02999,357.32,357.32,11638700,2020,3,24
361.01998,362.0,339.17001,342.39001,342.39001,8767200,2020,3,25
344.0,363.83999,341.73001,362.98999,362.98999,7229600,2020,3,26
359.08999,368.55999,353.0,357.11999,357.11999,7948800,2020,3,27
363.0,377.79998,361.17001,370.95999,370.95999,8622000,2020,3,30
367.92999,383.01001,366.44,375.5,375.5,9366500,2020,3,31
376.04998,380.23001,361.01998,364.07998,364.07998,6672500,2020,4,1
364.07998,370.98999,360.05999,370.07998,370.07998,4592500,2020,4,2
367.47,370.89999,357.51001,361.76001,361.76001,4860800,2020,4,3
365.22,380.29,361.70999,379.95999,379.95999,8183900,2020,4,6
380.0,381.32998,369.33999,372.27999,372.27999,7046400,2020,4,7
374.01001,378.39001,368.30999,371.11999,371.11999,6908900,2020,4,8
371.05999,372.1,363.02999,370.72,370.72,7711300,2020,4,9
371.30999,400.51001,367.70001,396.72,396.72,11692900,2020,4,13
397.5,417.82,394.85,413.54998,413.54998,11581000,2020,4,14
413.0,434.98001,412.25,426.75,426.75,13561200,2020,4,15
437.0,449.51998,431.60998,439.17001,439.17001,16128700,2020,4,16
431.0,432.0,414.70001,422.95999,422.95999,12616300,2020,4,17
435.17001,444.48999,430.55999,437.48999,437.48999,12655800,2020,4,20
444.76998,447.0,425.6,433.82998,433.82998,23177600,2020,4,21
429.73001,433.0,413.0,421.42001,421.42001,21084800,2020,4,22
419.26001,438.41,419.26001,426.70001,426.70001,13952300,2020,4,23
425.0,427.17001,415.88,424.98999,424.98999,8658900,2020,4,24
425.0,429.0,420.83999,421.38,421.38,6277500,2020,4,27
419.98999,421.0,402.91,403.82998,403.82998,10101200,2020,4,28
399.52999,415.85998,393.6,411.89001,411.89001,9693100,2020,4,29
410.30999,424.44,408.0,419.85,419.85,7954000,2020,4,30
415.1,427.97,411.73001,415.26998,415.26998,8299900,2020,5,1
417.77999,428.54,414.86999,428.14999,428.14999,7799100,2020,5,4
427.55999,431.0,421.55999,424.67999,424.67999,6286300,2020,5,5
429.29998,439.76998,426.39001,434.26001,434.26001,6660700,2020,5,6
436.89001,438.88,430.66,436.52999,436.52999,5641900,2020,5,7
434.14001,442.0,433.64001,435.54998,435.54998,5049300,2020,5,8
436.32998,444.89001,435.55999,440.51998,440.51998,5486000,2020,5,11
442.0,444.17001,431.35998,431.82,431.82,4598200,2020,5,12
435.69,447.0,427.26998,438.26998,438.26998,7014600,2020,5,13
444.89999,452.38,432.82,441.95001,441.95001,9007500,2020,5,14
440.70001,455.0,437.51001,454.19,454.19,7244000,2020,5,15
451.16,456.35998,443.35,452.57998,452.57998,7773500,2020,5,18
453.39999,458.97,450.47,451.04,451.04,4810500,2020,5,19
454.25,455.80999,444.0,447.67001,447.67001,5607300,2020,5,20
448.55999,448.95999,430.25,436.25,436.25,9117300,2020,5,21
437.0,439.08999,427.17999,429.32,429.32,5422300,2020,5,22
427.76998,428.5,413.14001,414.76998,414.76998,7881100,2020,5,26
410.38,420.01998,397.85998,419.89001,419.89001,10446300,2020,5,27
417.23999,422.36999,411.5,413.44,413.44,5655100,2020,5,28
417.45999,420.29998,411.85,419.73001,419.73001,5254900,2020,5,29
418.82998,426.72,415.98001,425.92001,425.92001,3743700,2020,6,1
425.86999,427.58999,419.45999,427.30999,427.30999,3494800,2020,6,2
426.95001,427.1,418.04998,421.97,421.97,4316000,2020,6,3
422.39001,428.70999,410.02999,414.32998,414.32998,5410500,2020,6,4
407.29,420.23999,404.25,419.6,419.6,5099600,2020,6,5
416.0,420.79998,406.5,419.48999,419.48999,5851500,2020,6,8
421.64999,434.73001,420.30999,434.04998,434.04998,6797000,2020,6,9
436.0,439.69,430.54998,434.48001,434.48001,4896900,2020,6,10
428.20001,445.57,424.16,425.55999,425.55999,7462900,2020,6,11
429.0,434.05999,412.45001,418.07,418.07,6461100,2020,6,12
421.39999,426.48999,415.42001,425.5,425.5,4467900,2020,6,15
425.76001,437.95999,425.17999,436.13,436.13,5507900,2020,6,16
441.82,450.45999,439.22,447.76998,447.76998,6529600,2020,6,17
448.73001,452.76001,442.79998,449.86999,449.86999,4277600,2020,6,18
449.11999,453.97,445.6,453.72,453.72,5934500,2020,6,19
455.01001,468.58999,454.20999,468.04,468.04,6272100,2020,6,22
466.5,474.01001,464.5,466.26001,466.26001,5948400,2020,6,23
468.54,472.35998,454.0,457.85,457.85,4826200,2020,6,24
458.85998,467.01001,454.0,465.91,465.91,4134500,2020,6,25
466.39001,468.02999,442.23999,443.39999,443.39999,6804700,2020,6,26
445.23001,447.67001,432.14001,447.23999,447.23999,4844000,2020,6,29
450.01998,457.58999,447.0,455.04,455.04,4198500,2020,6,30
454.0,488.23001,454.0,485.64001,485.64001,9705900,2020,7,1
485.64001,492.27999,475.52999,476.89001,476.89001,6351500,2020,7,2
480.76998,499.5,479.79998,493.80999,493.80999,7839000,2020,7,6
497.30999,504.82,490.82998,493.16,493.16,5669900,2020,7,7
498.57998,505.1,493.80999,502.77999,502.77999,5691700,2020,7,8
508.39999,510.0,495.77999,507.76001,507.76001,5840500,2020,7,9
519.72998,555.88,511.27999,548.72998,548.72998,21605600,2020,7,10
567.97998,575.36999,520.96002,525.5,525.5,18399000,2020,7,13
517.08001,525.5,490.48999,524.88,524.88,15083300,2020,7,14
516.29998,529.0,510.17999,523.26001,523.26001,10066700,2020,7,15
526.47998,535.53997,504.35998,527.39001,527.39001,24499000,2020,7,16
494.86999,503.58999,484.14001,492.98999,492.98999,24991400,2020,7,17
489.14001,504.5,484.20001,502.41,502.41,11940300,2020,7,20
506.0,506.22,488.60998,490.1,490.1,9113700,2020,7,21
492.19,497.20001,487.20001,489.82,489.82,6954100,2020,7,22
491.13,491.89999,472.01998,477.57998,477.57998,7722000,2020,7,23
468.76998,487.17001,467.54,480.45001,480.45001,7746200,2020,7,24
484.51001,496.92001,482.30999,495.64999,495.64999,7863100,2020,7,27
496.01998,497.79,487.76001,488.51001,488.51001,5986700,2020,7,28
492.25,494.92001,484.13,484.48001,484.48001,6611800,2020,7,29
480.70999,488.35,477.51001,485.79998,485.79998,6608600,2020,7,30
488.29,494.79998,484.5,488.88,488.88,5916300,2020,7,31
490.85998,503.08999,490.23001,498.61999,498.61999,5873100,2020,8,3
498.64999,510.44,498.64999,509.64001,509.64001,5608000,2020,8,4
508.67999,510.1,501.20001,502.10998,502.10998,4308200,2020,8,5
504.10998,510.82,498.70001,509.07998,509.07998,3725900,2020,8,6
505.45001,508.29,486.67999,494.73001,494.73001,5910300,2020,8,7
493.35,497.45999,478.63,483.38,483.38,4691200,2020,8,10
479.75,480.92001,466.54998,466.92999,466.92999,7329200,2020,8,11
471.33999,482.48999,470.17999,475.47,475.47,5439200,2020,8,12
478.39999,484.45001,476.45001,481.32998,481.32998,3008900,2020,8,13
482.82,488.32998,480.20999,482.67999,482.67999,2943500,2020,8,14
484.19,486.23999,479.1,482.35,482.35,2423500,2020,8,17
484.35,495.29998,482.79998,491.86999,491.86999,3505500,2020,8,18
493.92999,494.5,483.5,484.52999,484.52999,3156200,2020,8,19
484.69,498.94,483.89001,497.89999,497.89999,5132500,2020,8,20
496.45999,498.13,490.0,492.30999,492.30999,3921300,2020,8,21
495.44,501.0,483.16,488.80999,488.80999,4762200,2020,8,24
488.19,492.47,485.08999,490.57998,490.57998,5727700,2020,8,25
492.5,549.03997,492.07998,547.53002,547.53002,20373700,2020,8,26
537.78002,541.0,521.25,526.27002,526.27002,9062900,2020,8,27
532.0,539.0,522.0,523.89001,523.89001,4417500,2020,8,28
521.15997,531.98999,517.58001,529.55999,529.55999,4941400,2020,8,31
532.59997,557.39001,532.45001,556.54998,556.54998,9572700,2020,9,1
553.78002,556.5,537.36999,552.84002,552.84002,5886900,2020,9,2
545.0,554.0,521.32,525.75,525.75,9071100,2020,9,3
520.17999,527.35998,485.98001,516.04998,516.04998,8270100,2020,9,4
498.39999,522.0,495.0,507.01998,507.01998,5572700,2020,9,8
519.21002,520.0,492.57,500.19,500.19,6848100,2020,9,9
503.35,506.29,478.83999,480.67001,480.67001,6240200,2020,9,10
486.48999,493.73001,476.80999,482.02999,482.02999,5035200,2020,9,11
480.61999,488.98999,471.29998,476.26001,476.26001,7359100,2020,9,14
484.0,497.47,481.63,495.98999,495.98999,5337000,2020,9,15
499.98999,504.66,483.30999,483.85998,483.85998,4394900,2020,9,16
475.16,478.39999,463.26998,470.20001,470.20001,5379300,2020,9,17
472.51001,479.39999,458.6,469.95999,469.95999,6717700,2020,9,18
467.69,487.77999,466.32,487.35,487.35,5457500,2020,9,21
489.01001,491.82,479.26001,491.17001,491.17001,3482300,2020,9,22
491.04,491.04,469.0,470.60998,470.60998,3726400,2020,9,23
470.52999,477.0,467.82,473.07998,473.07998,3727200,2020,9,24
474.39001,484.86999,468.02999,482.88,482.88,3769400,2020,9,25
489.10998,492.0,477.88,490.64999,490.64999,4773500,2020,9,28
489.5,496.29,486.52999,493.48001,493.48001,3541500,2020,9,29
492.57,504.63,489.26998,500.02999,500.02999,4634100,2020,9,30
506.02999,529.54998,503.6,527.51001,527.51001,8153700,2020,10,1
516.42999,526.36999,502.70001,503.05999,503.05999,6071200,2020,10,2
506.79998,520.98999,501.70001,520.65002,520.65002,4088100,2020,10,5
518.71997,521.82,504.16,505.86999,505.86999,4199000,2020,10,6
518.0,536.48999,515.82,534.65997,534.65997,7988700,2020,10,7
533.47998,535.0,524.15002,531.78997,531.78997,5386500,2020,10,8
537.83001,544.28002,535.0,539.44,539.44,4781300,2020,10,9
548.80999,551.80999,538.23999,539.80999,539.80999,5391100,2020,10,12
540.55999,557.65002,537.20001,554.09002,554.09002,5602500,2020,10,13
562.60998,572.48999,541.0,541.45001,541.45001,9499000,2020,10,14
545.52002,551.21997,535.09997,541.94,541.94,5113100,2020,10,15
549.5,554.33001,530.03002,530.78997,530.78997,6347400,2020,10,16
537.07,541.79998,525.38,530.71997,530.71997,7567500,2020,10,19
528.14001,533.78002,522.26001,525.41998,525.41998,10047200,2020,10,20
501.02999,506.85,488.25,489.04998,489.04998,17405700,2020,10,21
494.69,495.14001,482.0,485.23001,485.23001,6997900,2020,10,22
488.10998,490.05999,481.35,488.27999,488.27999,4927900,2020,10,23
487.02999,496.82,478.89999,488.23999,488.23999,6186100,2020,10,26
490.01001,490.48999,482.92999,488.92999,488.92999,3627200,2020,10,27
486.35998,494.0,483.27999,486.23999,486.23999,5992700,2020,10,28
488.5,513.90002,479.33999,504.20999,504.20999,11120700,2020,10,29
502.01001,505.88,472.20999,475.73999,475.73999,7807900,2020,10,30
478.86999,486.29998,475.0,484.11999,484.11999,4408200,2020,11,2
484.92999,495.30999,478.76001,487.22,487.22,3690200,2020,11,3
495.35998,507.73001,493.98001,496.95001,496.95001,5137300,2020,11,4
506.55999,518.72998,503.45001,513.76001,513.76001,5372800,2020,11,5
515.0,515.21002,502.51001,514.72998,514.72998,4236300,2020,11,6
485.54,495.85,467.26001,470.5,470.5,10419700,2020,11,9
470.95001,484.6,463.41,480.23999,480.23999,8306100,2020,11,10
483.0,491.67999,478.26001,490.76001,490.76001,5460500,2020,11,11
491.0,496.51998,480.42999,486.76998,486.76998,5063700,2020,11,12
486.76998,488.94,477.79998,482.83999,482.83999,3002700,2020,11,13
480.0,485.57998,477.29998,479.1,479.1,3953600,2020,11,16
480.11999,487.51001,478.85,480.63,480.63,3698100,2020,11,17
481.95001,488.60998,477.72,481.79,481.79,3629200,2020,11,18
482.0,487.79998,480.47,484.67001,484.67001,2254700,2020,11,19
485.22,494.76001,481.57,488.23999,488.23999,4253400,2020,11,20
490.45999,491.14999,475.83999,476.61999,476.61999,5416600,2020,11,23
478.83999,484.04998,475.89001,482.88,482.88,3550500,2020,11,24
485.13,486.89999,478.92001,485.0,485.0,3598600,2020,11,25
486.57998,493.25,481.85,491.35998,491.35998,2805800,2020,11,27
490.07998,492.54998,481.26998,490.70001,490.70001,3530900,2020,11,30
492.33999,509.47,491.98001,504.57998,504.57998,5052700,2020,12,1
501.61999,506.79998,493.5,503.38,503.38,3028400,2020,12,2
502.98999,508.76998,496.04,497.51998,497.51998,2826100,2020,12,3
497.5,504.5,493.64001,498.30999,498.30999,3666200,2020,12,4
500.01001,517.76001,497.76998,515.78002,515.78002,4289300,2020,12,7
517.90002,521.48999,505.54998,512.65997,512.65997,4229000,2020,12,8
510.52999,514.5,491.29,493.6,493.6,4178800,2020,12,9
494.55999,503.76998,492.91,501.08999,501.08999,3018200,2020,12,10
495.0,503.33999,494.85,503.22,503.22,3210900,2020,12,11
505.44,524.15997,501.17999,522.41998,522.41998,5770400,2020,12,14
518.5,524.70001,513.55999,519.78002,519.78002,3394900,2020,12,15
520.10998,527.38,517.69,524.83001,524.83001,3682400,2020,12,16
529.0,535.48999,526.44,532.90002,532.90002,3193400,2020,12,17
533.20001,536.36999,526.02002,534.45001,534.45001,4502700,2020,12,18
530.04998,532.61999,521.15002,528.90997,528.90997,3894000,2020,12,21
527.69,530.40002,520.5,527.33001,527.33001,1906600,2020,12,22
524.76001,526.32,514.20001,514.47998,514.47998,2393200,2020,12,23
515.11999,519.34997,512.21002,513.96997,513.96997,1144000,2020,12,24
516.42999,523.65997,507.13,519.11999,519.11999,2891900,2020,12,28
519.90002,536.54998,515.47998,530.86999,530.86999,4022400,2020,12,29
530.13,533.26001,523.69,524.59002,524.59002,1876300,2020,12,30
525.53002,545.5,523.15002,540.72998,540.72998,5392300,2020,12,31
539.0,540.79998,515.09002,522.85998,522.85998,4444400,2021,1,4
521.54998,526.78002,515.89001,520.79998,520.79998,3133900,2021,1,5
511.97,513.09997,499.5,500.48999,500.48999,5346200,2021,1,6
508.27999,516.44,506.42001,508.89001,508.89001,3686400,2021,1,7
511.30999,513.23999,504.51001,510.39999,510.39999,2973900,2021,1,8
507.83999,510.73001,497.95001,499.1,499.1,3806200,2021,1,11
500.0,501.08999,485.67001,494.25,494.25,5990400,2021,1,12
495.5,512.34997,493.01001,507.79,507.79,5032100,2021,1,13
507.35,514.5,499.57998,500.85998,500.85998,4177400,2021,1,14
500.0,506.32,495.1,497.98001,497.98001,5895800,2021,1,15
501.0,509.25,493.54,501.76998,501.76998,12315800,2021,1,19
565.41998,593.28997,556.85998,586.34002,586.34002,32637500,2021,1,20
582.45001,588.75,570.40002,579.84002,579.84002,11802100,2021,1,21
582.09997,583.98999,564.34997,565.16998,565.16998,7550800,2021,1,22
567.0,569.75,548.65002,556.78002,556.78002,7207300,2021,1,25
554.72998,567.98999,554.05999,561.92999,561.92999,5023800,2021,1,26
550.71002,556.41998,515.72998,523.28002,523.28002,8670300,2021,1,27
535.88,553.15002,530.73999,538.59997,538.59997,5969000,2021,1,28
538.0,541.0,530.17999,532.39001,532.39001,4325300,2021,1,29
536.78997,545.05999,531.72998,539.03997,539.03997,3547500,2021,2,1
542.01001,555.47998,538.92999,548.15997,548.15997,3767600,2021,2,2
550.16998,550.47998,538.23999,539.45001,539.45001,3172300,2021,2,3
539.80999,559.47998,537.51001,552.15997,552.15997,5164500,2021,2,4
552.26001,554.44,545.47998,550.78997,550.78997,2376200,2021,2,5
555.0,555.0,543.70001,547.91998,547.91998,2791700,2021,2,8
546.0,566.0,543.0,559.07,559.07,3703500,2021,2,9
562.5,566.65002,553.46002,563.59002,563.59002,3991300,2021,2,10
564.44,565.92999,554.21997,557.59002,557.59002,2730600,2021,2,11
556.94,561.25,550.84997,556.52002,556.52002,2197100,2021,2,12
557.28997,563.63,552.72998,557.28002,557.28002,2624100,2021,2,16
550.98999,555.25,543.03002,551.34002,551.34002,2069600,2021,2,17
549.0,550.0,538.22998,548.21997,548.21997,2456200,2021,2,18
548.0,548.98999,538.80999,540.21997,540.21997,2841500,2021,2,19
534.98999,541.78997,530.78997,533.78002,533.78002,3078600,2021,2,22
525.0,548.53997,518.28002,546.15002,546.15002,4136500,2021,2,23
539.79998,556.84997,539.07,553.40997,553.40997,3245000,2021,2,24
550.27002,556.47998,535.75,546.70001,546.70001,4252900,2021,2,25
546.51001,553.09002,538.0,538.84997,538.84997,3755600,2021,2,26
545.57,552.14001,542.0,550.64001,550.64001,3041400,2021,3,1
553.34002,556.98999,546.02002,547.82,547.82,3042200,2021,3,2
545.92999,548.01001,517.80999,520.70001,520.70001,5362400,2021,3,3
521.5,531.5,507.67999,511.29,511.29,5034800,2021,3,4
511.98001,517.76001,498.79,516.39001,516.39001,5070000,2021,3,5
514.46002,518.84002,492.85,493.32998,493.32998,3981800,2021,3,8
507.30999,513.10998,503.82,506.44,506.44,3470000,2021,3,9
513.5,518.96997,504.25,504.54,504.54,3771500,2021,3,10
512.20001,530.23999,510.70999,523.05999,523.05999,4714500,2021,3,11
512.5,526.51001,506.58999,518.02002,518.02002,3981700,2021,3,12
516.32,520.72998,508.02999,520.25,520.25,3484300,2021,3,15
524.46997,533.41998,523.21002,524.03002,524.03002,3238900,2021,3,16
522.0,528.36999,514.29998,524.44,524.44,2817400,2021,3,17
516.40002,517.90002,503.85,504.79,504.79,4094500,2021,3,18
504.95999,513.19,501.63,512.17999,512.17999,4386400,2021,3,19
509.13,529.30999,509.13,523.10998,523.10998,3360600,2021,3,22
529.86999,543.11999,529.40002,535.09002,535.09002,5583500,2021,3,23
533.78002,534.41998,520.0,520.80999,520.80999,4102200,2021,3,24
516.98999,518.53002,497.0,502.85998,502.85998,4926800,2021,3,25
502.82,508.72,496.67999,508.04998,508.04998,3467800,2021,3,26
505.66,518.0,504.39999,513.95001,513.95001,3330000,2021,3,29
510.51001,514.40997,506.91,513.39001,513.39001,2418100,2021,3,30
515.66998,528.13,515.44,521.65997,521.65997,3503100,2021,3,31
529.92999,540.5,527.03002,539.41998,539.41998,3938600,2021,4,1
540.01001,542.84997,529.22998,540.66998,540.66998,3355900,2021,4,5
544.80999,554.16998,543.29998,544.53002,544.53002,3474200,2021,4,6
543.5,549.64001,541.45001,546.98999,546.98999,2151300,2021,4,7
551.13,556.90002,547.57,554.58001,554.58001,4309800,2021,4,8
552.69,556.90002,547.10998,555.30999,555.30999,2894000,2021,4,9
551.04998,557.97998,549.58001,552.78002,552.78002,2944100,2021,4,12
557.0,559.75,550.29998,553.72998,553.72998,2720300,2021,4,13
554.86999,554.86999,538.53002,540.02002,540.02002,3740300,2021,4,14
544.16998,553.48999,542.65997,549.21997,549.21997,3139100,2021,4,15
550.53997,551.97998,539.51001,546.53997,546.53997,3209100,2021,4,16
546.90002,556.44,545.53002,554.44,554.44,4288700,2021,4,19
554.41998,563.55999,546.29998,549.57,549.57,11257600,2021,4,20
508.0,515.46002,503.6,508.89999,508.89999,22897400,2021,4,21
513.82,513.96002,500.54998,508.77999,508.77999,9061100,2021,4,22
509.01001,509.70001,500.70001,505.54998,505.54998,7307700,2021,4,23
506.76001,510.48001,503.0,510.29998,510.29998,4388800,2021,4,26
512.61999,512.98999,504.57998,505.54998,505.54998,3761300,2021,4,27
505.20001,508.39999,503.33999,506.51998,506.51998,3193000,2021,4,28
507.6,509.29,499.0,509.0,509.0,5127800,2021,4,29
505.0,514.54998,505.0,513.46997,513.46997,4413200,2021,4,30
512.65002,518.95001,505.20001,509.10998,509.10998,4091900,2021,5,3
510.77999,511.63,496.79,503.17999,503.17999,4349500,2021,5,4
504.98999,507.77999,494.63,496.07998,496.07998,3129400,2021,5,5
495.98999,499.54998,491.36999,499.54998,499.54998,3783700,2021,5,6
504.61999,508.54998,501.11999,503.83999,503.83999,3132800,2021,5,7
502.0,503.14999,486.10998,486.69,486.69,5131600,2021,5,10
479.75,497.98999,478.63,495.07998,495.07998,4401000,2021,5,11
486.82998,493.54,482.70001,484.98001,484.98001,4121500,2021,5,12
489.13,490.77999,482.70999,486.66,486.66,2712500,2021,5,13
487.85998,494.85,486.58999,493.36999,493.36999,2882500,2021,5,14
485.58999,492.70999,482.80999,488.94,488.94,2705200,2021,5,17
488.39999,493.48001,486.19,486.27999,486.27999,2350500,2021,5,18
481.63,488.57,478.54,487.70001,487.70001,3349900,2021,5,19
489.54998,502.70001,488.98001,501.67001,501.67001,3721200,2021,5,20
503.11999,505.39999,497.26001,497.89001,497.89001,3322900,2021,5,21
501.04998,504.25,499.51001,502.89999,502.89999,2412600,2021,5,24
506.0,506.36999,499.22,501.33999,501.33999,2699500,2021,5,25
502.33999,504.14001,500.5,502.35998,502.35998,2465300,2021,5,26
501.79998,505.1,498.54,503.85998,503.85998,3253800,2021,5,27
504.39999,511.76001,502.52999,502.80999,502.80999,2910300,2021,5,28
504.01001,505.41,497.73999,499.07998,499.07998,2482600,2021,6,1
499.82,503.22,495.82,499.23999,499.23999,2269000,2021,6,2
495.19,496.66,487.25,489.42999,489.42999,3887400,2021,6,3
492.0,501.85998,490.95001,494.73999,494.73999,3160500,2021,6,4
492.92001,496.70001,490.54998,494.66,494.66,2791900,2021,6,7
497.0,498.82,489.36999,492.39001,492.39001,2374000,2021,6,8
494.5,496.08999,484.64999,485.80999,485.80999,3055000,2021,6,9
487.17001,490.20999,482.14001,487.26998,487.26998,4382900,2021,6,10
490.0,491.41,487.77999,488.76998,488.76998,3124000,2021,6,11
489.67999,503.5,486.91,499.89001,499.89001,4400200,2021,6,14
501.23001,501.23001,490.39999,491.89999,491.89999,3104100,2021,6,15
495.0,496.45999,486.27999,492.41,492.41,3533200,2021,6,16
490.25,501.79998,490.14999,498.33999,498.33999,3198300,2021,6,17
496.39999,504.48999,495.23999,500.76998,500.76998,5197600,2021,6,18
501.64001,502.04998,492.27999,497.0,497.0,5277300,2021,6,21
498.54,513.54998,495.79998,508.82,508.82,5809300,2021,6,22
508.48001,516.63,508.20001,512.73999,512.73999,3944800,2021,6,23
517.96002,520.96002,514.40002,518.05999,518.05999,3361200,2021,6,24
528.84002,533.05999,525.0,527.07,527.07,5299100,2021,6,25
528.11999,533.94,524.55999,533.03002,533.03002,2820200,2021,6,28
533.54998,536.13,528.57,533.5,533.5,2314600,2021,6,29
534.05999,534.38,526.82,528.21002,528.21002,2773400,2021,6,30
525.71997,537.03997,525.71997,533.53997,533.53997,2805400,2021,7,1
535.5,538.53997,529.39001,533.97998,533.97998,1975500,2021,7,2
533.0,542.85998,533.0,541.64001,541.64001,2775100,2021,7,6
544.23999,544.64001,531.65997,535.96002,535.96002,2722500,2021,7,7
530.92999,535.5,529.09002,530.76001,530.76001,3269000,2021,7,8
531.0,538.26001,528.58001,535.97998,535.97998,2777200,2021,7,9
540.29998,540.65002,532.91998,537.30999,537.30999,1780700,2021,7,12
535.76001,545.33001,535.76001,540.67999,540.67999,2751600,2021,7,13
541.01001,554.09997,541.01001,547.95001,547.95001,4659500,2021,7,14
553.96997,557.53997,538.20001,542.95001,542.95001,5713900,2021,7,15
541.80999,544.05999,527.04998,530.30999,530.30999,3442100,2021,7,16
526.04998,534.90997,522.23999,532.28002,532.28002,3885800,2021,7,19
526.07,536.64001,520.29998,531.04998,531.04998,6930400,2021,7,20
526.13,530.98999,505.60998,513.63,513.63,11906800,2021,7,21
510.20999,513.67999,507.0,511.76998,511.76998,4328100,2021,7,22
512.15997,517.40997,504.66,515.40997,515.40997,3820500,2021,7,23
514.38,521.13,509.01001,516.48999,516.48999,2254500,2021,7,26
518.08001,521.95001,512.04998,518.90997,518.90997,2759000,2021,7,27
521.82,524.46997,516.97998,519.29998,519.29998,2390500,2021,7,28
519.96002,520.78002,513.78997,514.25,514.25,1736000,2021,7,29
512.69,519.78997,510.95999,517.57,517.57,2534900,2021,7,30
519.0,519.84997,510.51001,515.15002,515.15002,2096600,2021,8,2
514.39001,515.63,505.36999,510.82,510.82,2579400,2021,8,3
513.0,517.97998,510.36999,517.34997,517.34997,2039400,2021,8,4
517.13,525.40997,514.02002,524.89001,524.89001,2556700,2021,8,5
524.0,526.84002,519.39001,520.54998,520.54998,1919400,2021,8,6
521.15002,522.66998,517.98999,519.96997,519.96997,1367800,2021,8,9
520.0,520.78997,512.96997,515.84002,515.84002,1960500,2021,8,10
517.0,519.57,509.76998,512.40002,512.40002,1673900,2021,8,11
511.85998,513.0,507.20001,510.72,510.72,1685700,2021,8,12
512.64001,521.44,511.51001,515.91998,515.91998,2176300,2021,8,13
515.23999,523.38,512.29998,517.91998,517.91998,2032800,2021,8,16
515.46997,520.78997,514.20001,518.90997,518.90997,2309800,2021,8,17
520.0,526.38,518.65002,521.86999,521.86999,2582000,2021,8,18
522.73999,548.39001,521.86999,543.71002,543.71002,7497300,2021,8,19
545.09002,551.39001,539.09997,546.88,546.88,3774300,2021,8,20
545.97998,555.54998,543.73999,553.33001,553.33001,2602000,2021,8,23
551.47998,555.30999,549.27002,553.40997,553.40997,2109500,2021,8,24
550.15997,552.84002,545.45001,547.58001,547.58001,2065600,2021,8,25
546.15997,552.59997,545.90002,550.11999,550.11999,1595500,2021,8,26
551.59997,564.16998,549.25,558.91998,558.91998,3251100,2021,8,27
557.25,567.15997,556.45001,566.17999,566.17999,2434800,2021,8,30
566.11999,569.47998,561.60998,569.19,569.19,2431900,2021,8,31
569.0,591.0,569.0,582.07,582.07,5626200,2021,9,1
583.67999,598.76001,583.67999,588.54998,588.54998,6179900,2021,9,2
585.79998,591.88,583.14001,590.53002,590.53002,2681200,2021,9,3
594.69,613.84997,593.98999,606.71002,606.71002,5821400,2021,9,7
603.84002,615.59997,595.71002,606.04998,606.04998,5424500,2021,9,8
606.46997,609.44,596.54998,597.53997,597.53997,2954200,2021,9,9
598.15997,609.45001,593.66998,598.71997,598.71997,3948000,2021,9,10
598.57,598.57,582.78002,589.28997,589.28997,3062900,2021,9,13
584.89001,587.28002,575.55999,577.76001,577.76001,3457000,2021,9,14
578.16998,584.61999,575.36999,582.86999,582.86999,2755600,2021,9,15
584.29998,587.47998,577.71997,586.5,586.5,1832000,2021,9,16
587.84997,590.28002,580.84997,589.34997,589.34997,4145100,2021,9,17
586.78997,591.53002,568.08001,575.42999,575.42999,3732200,2021,9,20
578.30999,581.88,569.36999,573.14001,573.14001,2250900,2021,9,21
579.69,595.65002,579.69,590.65002,590.65002,4021800,2021,9,22
590.78997,599.32,589.13,593.26001,593.26001,2526200,2021,9,23
592.5,592.97998,583.64001,592.39001,592.39001,2126200,2021,9,24
587.95001,593.58001,576.92999,592.64001,592.64001,2504700,2021,9,27
589.0,599.53997,580.15997,583.84997,583.84997,4431100,2021,9,28
589.01001,609.88,588.01001,599.05999,599.05999,6221000,2021,9,29
608.04998,619.0,608.04998,610.34002,610.34002,6612600,2021,9,30
604.23999,614.98999,597.51001,613.15002,613.15002,4090800,2021,10,1
613.39001,626.13,594.67999,603.34997,603.34997,4995900,2021,10,4
606.94,640.39001,606.89001,634.80999,634.80999,9534300,2021,10,5
628.17999,639.86999,626.35998,639.09997,639.09997,4580400,2021,10,6
642.22998,646.84002,630.45001,631.84997,631.84997,3556900,2021,10,7
634.16998,643.79998,630.85998,632.65997,632.65997,3271100,2021,10,8
633.20001,639.41998,626.78002,627.03997,627.03997,2862500,2021,10,11
633.02002,637.65997,621.98999,624.94,624.94,3227300,2021,10,12
632.17999,632.17999,622.09997,629.76001,629.76001,2420300,2021,10,13
632.22998,636.88,626.78997,633.79998,633.79998,2671700,2021,10,14
638.0,639.41998,625.15997,628.28997,628.28997,4114400,2021,10,15
632.09997,638.40997,620.59002,637.96997,637.96997,4669100,2021,10,18
636.96997,641.0,632.29998,639.0,639.0,7633100,2021,10,19
625.57,637.40002,617.15002,625.14001,625.14001,10622000,2021,10,20
628.89001,654.01001,628.65002,653.15997,653.15997,8437100,2021,10,21
651.80999,665.46002,651.80999,664.78002,664.78002,6186000,2021,10,22
663.73999,675.88,657.07,671.65997,671.65997,3833500,2021,10,25
673.76001,676.48999,662.77002,668.52002,668.52002,2904800,2021,10,26
669.0,671.40997,661.84997,662.91998,662.91998,2276900,2021,10,27
670.95001,676.79998,668.03002,674.04998,674.04998,2859400,2021,10,28
673.05999,690.96997,671.23999,690.30999,690.30999,3817500,2021,10,29
689.05999,689.96997,676.53997,681.16998,681.16998,3110900,2021,11,1
683.10998,687.67999,673.82,677.71997,677.71997,3888600,2021,11,2
677.27002,689.39001,677.27002,688.28997,688.28997,2334900,2021,11,3
685.89001,685.94,665.5,668.40002,668.40002,4865000,2021,11,4
663.96997,665.64001,645.01001,645.71997,645.71997,5277400,2021,11,5
650.28997,656.0,643.78997,651.45001,651.45001,2887500,2021,11,8
653.70001,660.5,650.52002,655.98999,655.98999,2415600,2021,11,9
653.01001,660.33001,642.10998,646.90997,646.90997,2405800,2021,11,10
650.23999,665.82,649.71002,657.58001,657.58001,2868300,2021,11,11
660.01001,683.34002,653.82,682.60998,682.60998,4192700,2021,11,12
681.23999,685.26001,671.48999,679.33001,679.33001,2872200,2021,11,15
678.27002,688.35998,676.90002,687.40002,687.40002,2077400,2021,11,16
690.0,700.98999,686.09002,691.69,691.69,2732800,2021,11,17
691.60998,691.73999,679.73999,682.02002,682.02002,2012900,2021,11,18
692.34997,694.15997,675.0,678.79998,678.79998,2613700,2021,11,19
676.02002,679.47998,656.46997,659.20001,659.20001,2764400,2021,11,22
658.17999,666.42999,646.04998,654.05999,654.05999,2320200,2021,11,23
658.01001,661.44,651.09997,658.28997,658.28997,1867300,2021,11,24
675.0,676.40997,660.66998,665.64001,665.64001,2872500,2021,11,26
663.20001,667.98999,658.28997,663.84002,663.84002,2529400,2021,11,29
668.20001,675.38,640.01001,641.90002,641.90002,5608900,2021,11,30
649.47998,654.52002,617.07,617.77002,617.77002,3882800,2021,12,1
617.09997,625.35998,612.88,616.46997,616.46997,3331100,2021,12,2
622.75,625.5,594.0,602.13,602.13,4825200,2021,12,3
606.01001,617.28997,601.0,612.69,612.69,3075700,2021,12,6
619.83001,628.89001,611.40002,625.58001,625.58001,3125200,2021,12,7
630.0,632.46002,623.20001,628.08001,628.08001,2220300,2021,12,8
627.58001,630.23999,610.44,611.0,611.0,2376300,2021,12,9
616.78002,617.73999,605.88,611.65997,611.65997,2747900,2021,12,10
612.0,612.64001,599.52002,604.55999,604.55999,2517900,2021,12,13
598.71002,602.28997,588.13,597.98999,597.98999,2984500,2021,12,14
598.17999,605.69,584.51001,605.03997,605.03997,2866200,2021,12,15
597.09002,602.83001,588.0,591.05999,591.05999,3143200,2021,12,16
591.60998,593.25,581.73999,586.72998,586.72998,4386900,2021,12,17
586.42999,602.88,584.26001,593.73999,593.73999,3358400,2021,12,20
597.53997,607.82,593.85998,604.91998,604.91998,2319400,2021,12,21
603.35998,614.82,602.63,614.23999,614.23999,2335700,2021,12,22
616.40002,616.88,607.57,614.09002,614.09002,1621100,2021,12,23
615.0,615.0,609.25,613.11999,613.11999,2061500,2021,12,27
614.95001,618.40997,609.69,610.71002,610.71002,1882800,2021,12,28
610.71002,613.97998,604.67999,610.53997,610.53997,1287200,2021,12,29
612.98999,620.60998,611.23999,612.09002,612.09002,1625100,2021,12,30
610.01001,614.08001,602.04998,602.44,602.44,1995900,2021,12,31
605.60998,609.98999,590.55999,597.36999,597.36999,3067500,2022,1,3
599.90997,600.40997,581.59997,591.15002,591.15002,4393100,2022,1,4
592.0,592.84002,566.88,567.52002,567.52002,4148700,2022,1,5
554.34002,563.35998,542.01001,553.28997,553.28997,5711800,2022,1,6
549.46002,553.42999,538.21997,541.05999,541.05999,3381700,2022,1,7
538.48999,543.69,526.32,539.84997,539.84997,4486100,2022,1,10
536.98999,543.90997,530.07,540.84002,540.84002,3077800,2022,1,11
544.27002,544.27002,532.02002,537.21997,537.21997,3787400,2022,1,12
537.05999,540.78997,518.26001,519.20001,519.20001,4475100,2022,1,13
517.59997,538.36999,511.88,525.69,525.69,7849400,2022,1,14
520.08001,521.75,508.67999,510.79998,510.79998,4839100,2022,1,18
515.0,523.21002,510.51001,515.85998,515.85998,4353500,2022,1,19
517.75,526.64001,506.92999,508.25,508.25,12659000,2022,1,20
400.42999,409.14999,379.98999,397.5,397.5,58904300,2022,1,21
383.91,387.26001,351.45999,387.14999,387.14999,32346000,2022,1,24
379.14001,387.70999,365.13,366.42001,366.42001,15145800,2022,1,25
378.26998,382.66,356.61999,359.70001,359.70001,12684000,2022,1,26
382.05999,394.79998,378.1,386.70001,386.70001,24324700,2022,1,27
386.76001,387.0,372.07998,384.35998,384.35998,11966600,2022,1,28
401.97,427.70001,398.20001,427.14001,427.14001,20047500,2022,1,31
432.95999,458.48001,425.54,457.13,457.13,22542300,2022,2,1
448.25,451.98001,426.48001,429.48001,429.48001,14346000,2022,2,2
421.44,429.26001,404.27999,405.6,405.6,9905200,2022,2,3
407.30999,412.76998,396.64001,410.17001,410.17001,7782400,2022,2,4
